"","thr","quantile","scale","shape","len"
"1",0.706286845326183,0.75,0.696166692301679,-0.167727692647768,500
"2",0.905939924598995,0.8,0.649862995700389,-0.186649435417936,400
"3",0.518399714478135,0.7,0.76522334490139,-0.218882926098502,600
"4",0.675140593357752,0.75,0.715339547722843,-0.23769379027457,500
"5",0.187532137204246,0.55,0.924429380839905,-0.268831826636318,900
"6",0.837897786116706,0.8,0.668732929083895,-0.193830751643576,400
"7",0.397434953664314,0.65,0.814897715103366,-0.207202644684339,700
"8",0.52769780982782,0.7,0.785599367095617,-0.232898526606355,600
"9",0.668274056620787,0.75,0.665689433344635,-0.198273408093244,500
"10",0.921095138423325,0.8,0.531652191629931,-0.0857790255540201,400
"11",0.661709719804568,0.75,0.691902343976629,-0.172278318758085,500
"12",0.122680977602836,0.55,0.938685826662813,-0.257305663154061,900
"13",1.30818127316518,0.9,0.441486558776448,0.0215130953997628,200
"14",0.85159748609976,0.8,0.676050918125454,-0.169976895276112,400
"15",0.869255352526898,0.8,0.624615223677368,-0.185856388407082,400
"16",0.845047955286265,0.8,0.630533319048658,-0.161516218498301,400
"17",0.863524096876377,0.8,0.637168931896194,-0.139358785918186,400
"18",0.875622182376649,0.8,0.581728970001917,-0.152744994372135,400
"19",0.384999626927227,0.65,0.851573047311073,-0.290218293341556,700
"20",0.238918583400853,0.6,0.916848972145034,-0.304387733001652,800
"21",0.450221915815261,0.65,0.807316377196676,-0.248520164522534,700
"22",0.529721612660569,0.7,0.720584393368812,-0.1670909478902,600
"23",1.32042638456433,0.9,0.491333524944154,-0.161968385780658,200
"24",0.526633331376493,0.7,0.70541848945332,-0.184279270470677,600
"25",1.28799829000921,0.9,0.474443847014091,-0.136897004110021,200
"26",0.358862685762109,0.65,0.789074474682707,-0.202849911697699,700
"27",1.0516729204677,0.85,0.564747682527619,-0.113995715971355,300
"28",0.976806858874929,0.85,0.566094016212721,-0.117150039253342,300
"29",0.705537155967774,0.75,0.741391034441971,-0.233850848052555,500
"30",0.113350352225873,0.55,1.0282799309149,-0.314900197115956,900
"31",0.517164703152244,0.7,0.853100742685151,-0.29760312802957,600
"32",0.245522200016203,0.6,0.842096077045215,-0.229042580717486,800
"33",0.850501979256358,0.8,0.654640232308833,-0.172189591042322,400
"34",1.01686497142388,0.85,0.557388130383861,-0.178043161016339,300
"35",0.439696946742552,0.65,0.820751002461402,-0.17324627203885,700
"36",1.3184032642858,0.9,0.471117818752807,-0.0515334061100074,200
"37",0.857799288542582,0.8,0.640806002867185,-0.151151598316054,400
"38",0.812563682784008,0.8,0.592438663803291,-0.188202376831853,400
"39",1.29932094935657,0.9,0.483657963860018,-0.161317091657049,200
"40",0.863325737299647,0.8,0.643203274369457,-0.196319783814887,400
"41",0.683073689374827,0.75,0.695415581297779,-0.180332031457787,500
"42",1.28783236926041,0.9,0.452125392080685,-0.0282506069476254,200
"43",0.543364180981776,0.7,0.767021830084397,-0.23739259722773,600
"44",0.506965999494181,0.7,0.765587995432303,-0.22259489367848,600
"45",0.841502892268026,0.8,0.65490081324173,-0.152426583003474,400
"46",0.144239733699402,0.55,0.919232775889241,-0.242635108328505,900
"47",0.84534133223416,0.8,0.635887953548757,-0.184054331070031,400
"48",0.83376117192805,0.8,0.659603694293323,-0.242806840872873,400
"49",0.660585205670798,0.75,0.725618006833588,-0.175970697913693,500
"50",0.398450152001279,0.65,0.813206715785252,-0.237263040369967,700
"51",0.551504794097628,0.7,0.71891654884687,-0.197979573633875,600
"52",1.30224521138573,0.9,0.416294485483228,-0.0853985291029984,200
"53",0.435850853565496,0.65,0.819301802299463,-0.222358409535738,700
"54",0.492817658855831,0.7,0.754053060181639,-0.178791375581488,600
"55",0.395240482725539,0.65,0.798630951029512,-0.208912937135821,700
"56",0.852998218841839,0.8,0.587881165379666,-0.160544138108109,400
"57",0.861288294943903,0.8,0.598631621415209,-0.186555789105444,400
"58",0.853576793472927,0.8,0.621040513883893,-0.200412841978488,400
"59",0.399570655987212,0.65,0.788343431250296,-0.224742887416222,700
"60",0.280816832894241,0.6,0.871816617532164,-0.221593475518551,800
"61",0.373533689916321,0.65,0.789296242565452,-0.204328727035582,700
"62",0.14784761694042,0.55,0.992341907168241,-0.305615578992999,900
"63",0.855786163271848,0.8,0.605502721991119,-0.164457793904079,400
"64",0.717674761325258,0.75,0.701096076763447,-0.251700350894687,500
"65",1.05655381993831,0.85,0.522898096939301,-0.0455866806485942,300
"66",0.241607000602984,0.6,0.850622978630288,-0.247603640980772,800
"67",1.28386163844761,0.9,0.422566017651767,-0.01491719486944,200
"68",0.566362626941119,0.7,0.729017206319089,-0.246498289529695,600
"69",0.634016925313722,0.75,0.675159713395329,-0.150159072109304,500
"70",0.808906480150092,0.8,0.58741504486341,-0.180971805634071,400
"71",0.709612318678909,0.75,0.712101847358541,-0.182694013898367,500
"72",0.583723831262862,0.7,0.751633555445774,-0.219860649169687,600
"73",1.03865778419979,0.85,0.561636694240492,-0.161350216528938,300
"74",0.593504388252572,0.7,0.721954845566359,-0.216125675902618,600
"75",0.686207619081606,0.75,0.680200955213085,-0.218835507660003,500
"76",1.31660689755813,0.9,0.500616717442806,-0.215331358126906,200
"77",0.6768653654408,0.75,0.721694156766393,-0.22762132671196,500
"78",0.578235110341968,0.7,0.717066900876939,-0.173182267437453,600
"79",0.703091841222512,0.75,0.704478591031687,-0.187723187885233,500
"80",0.272648315843445,0.6,0.787371873796439,-0.180364975067481,800
"81",1.05751620336403,0.85,0.566538973209984,-0.163077154591944,300
"82",1.3056782873626,0.9,0.494941817035563,-0.195857740242654,200
"83",0.899586442586207,0.8,0.59537878749366,-0.152842094689771,400
"84",0.543698625210883,0.7,0.709411329695731,-0.152597435955447,600
"85",0.513091297757026,0.7,0.711929466344747,-0.132704066291123,600
"86",0.6249451000495,0.75,0.678457452381992,-0.217028674584344,500
"87",0.542404148073042,0.7,0.702845985751767,-0.193381543932237,600
"88",0.863958750654677,0.8,0.610885955614403,-0.152608310837627,400
"89",0.854392032882537,0.8,0.637056088505194,-0.152557747193857,400
"90",0.515150171792844,0.7,0.785140702486431,-0.23608906693802,600
"91",1.03467699867391,0.85,0.556324834310318,-0.171410662833435,300
"92",0.903723689102804,0.8,0.641912932845571,-0.175327024030239,400
"93",1.095304626312,0.85,0.55147478334302,-0.161038841000252,300
"94",0.892839212391358,0.8,0.666310033900287,-0.216469755251924,400
"95",0.50380176606698,0.7,0.776220664041099,-0.225804840340734,600
"96",0.523525671863698,0.7,0.837303106552625,-0.234066593270057,600
"97",-0.0431634609326594,0.5,1.0674474007938,-0.334313990167555,1000
"98",0.538991693989203,0.7,0.717264970005293,-0.147184330060478,600
"99",0.524269265318155,0.7,0.792853372295345,-0.231347536846676,600
"100",0.414303096891583,0.65,0.797849834237885,-0.220098647111555,700
"101",0.66836494383561,0.75,0.693112168052608,-0.211119316341251,500
"102",0.531551811976425,0.7,0.8559716608762,-0.29612784368541,600
"103",0.541436012053318,0.7,0.734291055120756,-0.179371876841295,600
"104",0.385228539465879,0.65,0.816235091321772,-0.198038266373672,700
"105",1.06189725678996,0.85,0.573536845814972,-0.155078773058885,300
"106",0.543894559798405,0.7,0.767653297599711,-0.251371165470633,600
"107",1.29084895634333,0.9,0.478330492193222,-0.0991553710351628,200
"108",0.369379172480905,0.65,0.812396779472034,-0.269823122312278,700
"109",0.873381587746365,0.8,0.636805494898879,-0.171406198915036,400
"110",0.474743196490359,0.7,0.759691786338893,-0.198595006736303,600
"111",0.787239773541986,0.8,0.59594967251516,-0.0968922695703266,400
"112",0.897963817528959,0.8,0.593753700832321,-0.118694004019239,400
"113",1.11362240613547,0.85,0.505242964496017,-0.103427209001969,300
"114",0.731398348894245,0.75,0.671999540057618,-0.177587444694304,500
"115",0.387002536679354,0.65,0.790928595877063,-0.185508941318119,700
"116",0.868123664384116,0.8,0.658526514806412,-0.19741416752529,400
"117",0.27392911632554,0.6,0.887116828402523,-0.267093980318196,800
"118",0.699366731031124,0.75,0.71221295054877,-0.225153506309249,500
"119",0.881761502244792,0.8,0.666482045974538,-0.219301503163998,400
"120",0.258858131015147,0.6,0.86773614275342,-0.204448488724916,800
"121",0.657614405884932,0.75,0.66282231742054,-0.155400798216775,500
"122",0.71017915589794,0.75,0.707648660618618,-0.253096984454302,500
"123",0.876771709488101,0.8,0.640204378634287,-0.164108878815586,400
"124",0.485869089305541,0.7,0.810788333133531,-0.245873777392108,600
"125",0.521429750603099,0.7,0.763450915462093,-0.221448143754064,600
"126",0.8904391908551,0.8,0.592374767200721,-0.098433597338009,400
"127",0.244789809856984,0.6,0.899958739323957,-0.283445310403784,800
"128",1.00869672645937,0.85,0.642929655036227,-0.228575871046093,300
"129",0.509473794712803,0.7,0.762393186230332,-0.203894285436045,600
"130",1.33884906277563,0.9,0.448412221421765,-0.023549227824089,200
"131",0.335276207604179,0.65,0.853460456598703,-0.269386619129335,700
"132",0.688760604423677,0.75,0.712531957857315,-0.209691176455705,500
"133",1.02552951384455,0.85,0.572051821053252,-0.0999742523193393,300
"134",1.31030894355009,0.9,0.45134840578416,-0.0845406377967608,200
"135",1.07842484225385,0.85,0.570409108759903,-0.126896303821511,300
"136",0.846646853248454,0.8,0.639259018151805,-0.170174560599554,400
"137",0.553537297639346,0.7,0.789080292409356,-0.267348400954937,600
"138",0.497838108347931,0.7,0.759207794446514,-0.201318878941947,600
"139",0.66087430316765,0.75,0.681926675965995,-0.147273428157317,500
"140",0.242649707989605,0.6,0.9652557413598,-0.312880288043497,800
"141",1.32075774870679,0.9,0.470826563501358,-0.0551855459215677,200
"142",0.431558473230893,0.65,0.795338271252546,-0.188801367444062,700
"143",0.822932713065215,0.8,0.648374655814888,-0.272527504732316,400
"144",0.702013565188894,0.75,0.699424004940668,-0.194125977572179,500
"145",1.03879688461935,0.85,0.502749836343455,-0.121704946530016,300
"146",1.05229400215002,0.85,0.553233200330883,-0.18929268876276,300
"147",1.32399590154072,0.9,0.503982490522749,-0.085080742683583,200
"148",0.233922976922511,0.6,0.921130388621059,-0.251129946063738,800
"149",0.864930411593518,0.8,0.634010326373939,-0.129179895054263,400
"150",0.875924898311633,0.8,0.663313662706565,-0.248903041826607,400
"151",0.495207090533679,0.7,0.770189926228861,-0.244870847450023,600
"152",0.383017122331045,0.65,0.868142281453262,-0.240271755454437,700
"153",0.216719139922642,0.6,0.903595755133102,-0.30148119060718,800
"154",0.847654129530773,0.8,0.635627428013893,-0.155265488596406,400
"155",0.5576465180409,0.7,0.653827430455706,-0.120732962362237,600
"156",1.08557955571953,0.85,0.535522469630975,-0.14765543405162,300
"157",0.546220222117717,0.7,0.785710432901467,-0.235453885697638,600
"158",0.662169830405234,0.75,0.657009388806105,-0.120261100631398,500
"159",0.429219811051193,0.65,0.890791523637945,-0.296328354399648,700
"160",0.616271340641945,0.7,0.763710262894527,-0.233649537999101,600
"161",0.739963733443786,0.75,0.616293545204424,-0.167142975307063,500
"162",0.253502769961097,0.6,0.883725020371289,-0.235309557562752,800
"163",0.697972869216564,0.75,0.671394481457905,-0.175928281689795,500
"164",0.286979345007387,0.6,0.841734906031329,-0.244734215900356,800
"165",0.888765707678811,0.8,0.629373670368284,-0.154826038236068,400
"166",0.74297979065916,0.75,0.644344558618524,-0.145040921623628,500
"167",0.374196874849236,0.65,0.733665177997431,-0.173668920814248,700
"168",0.717989882924659,0.75,0.718706107606213,-0.207191516917257,500
"169",0.859638071253348,0.8,0.663368867887709,-0.136496032869675,400
"170",0.433113535413186,0.65,0.836181696744158,-0.237998585179067,700
"171",1.27269453222017,0.9,0.441518542277776,-0.0727716975475137,200
"172",0.818340449073791,0.8,0.626696969269064,-0.176247611366364,400
"173",0.511964701975582,0.7,0.762173944663345,-0.207155822496018,600
"174",0.830279789364864,0.8,0.644507022502619,-0.138702819184854,400
"175",1.011430697215,0.85,0.559033083865367,-0.054109901551629,300
"176",0.715724622546208,0.75,0.745172374482441,-0.283325759281691,500
"177",0.790181625010618,0.8,0.577166380399046,-0.148662823403638,400
"178",0.384404263119228,0.65,0.88757786537828,-0.322926135109636,700
"179",1.08285702556879,0.85,0.578560271532693,-0.154806877900312,300
"180",0.965925874930671,0.85,0.534744111818665,-0.150106690026226,300
"181",0.668639970926018,0.75,0.685635690342038,-0.181179023670664,500
"182",0.428884235235655,0.65,0.929118855544719,-0.332859533544882,700
"183",1.06054978250147,0.85,0.622910669154088,-0.173684427089489,300
"184",0.841717282846503,0.8,0.660381378069195,-0.170779443603951,400
"185",0.803562625086028,0.8,0.649381839622488,-0.142704325156049,400
"186",0.900328858657255,0.8,0.66811234825762,-0.232814949860826,400
"187",0.882293398442886,0.8,0.609887576967088,-0.145285043526172,400
"188",0.670626685311849,0.75,0.732170087156513,-0.235027478333516,500
"189",0.688923892709884,0.75,0.68008202007076,-0.159904588559264,500
"190",0.31637365006902,0.6,0.941809314961533,-0.305024060024179,800
"191",0.515974587074305,0.7,0.811784366379705,-0.24605226281995,600
"192",0.541793394290077,0.7,0.783525632571707,-0.216699789107471,600
"193",0.532919771313809,0.7,0.727565624161598,-0.201977188185595,600
"194",0.666203272523662,0.75,0.683068373767955,-0.218800045664013,500
"195",1.02203233820901,0.85,0.542421105330175,-0.149940492470409,300
"196",0.688474139613372,0.75,0.692629202544727,-0.166519062616402,500
"197",0.853079861039231,0.8,0.643204935312212,-0.233121735534719,400
"198",0.513894166423746,0.7,0.745480646009476,-0.242583642785198,600
"199",0.353797122982569,0.65,0.884170318190426,-0.275617169597515,700
"200",0.541222634992557,0.7,0.749912226082555,-0.146969164721295,600
"201",0.590487923902104,0.7,0.763732598762148,-0.213402776387486,600
"202",0.842249256141994,0.8,0.631921497082193,-0.149499376900455,400
"203",0.839148581681157,0.8,0.613368902059108,-0.193017136822007,400
"204",0.799727959259742,0.8,0.603641145259758,-0.124856901219178,400
"205",0.424601042830848,0.65,0.809018315846347,-0.266272780287606,700
"206",0.701458970675415,0.75,0.621919336787818,-0.168319633885713,500
"207",0.521880862249828,0.7,0.749342654174443,-0.183732039844036,600
"208",0.862737540929312,0.8,0.67695629240154,-0.169519127228588,400
"209",0.679099689608122,0.75,0.64926226654118,-0.145463455688291,500
"210",0.885975289788474,0.8,0.677848757418019,-0.224054691580119,400
"211",0.614845439413624,0.75,0.839703116080819,-0.316396871959323,500
"212",0.14980087075094,0.55,0.977817463649093,-0.292833526602433,900
"213",0.629606174271577,0.75,0.658933394790094,-0.149193844580205,500
"214",0.836899773376553,0.8,0.605412447679381,-0.161568052113512,400
"215",1.29118408289507,0.9,0.454183294987923,-0.0319935902586693,200
"216",0.690907139890965,0.75,0.686745916257627,-0.142790626236494,500
"217",1.10994472901611,0.85,0.505620509196876,-0.124300040555798,300
"218",0.882650703561015,0.8,0.673320218186077,-0.200177536282697,400
"219",0.843205653166974,0.8,0.67336496501824,-0.147417613054763,400
"220",0.362451225342586,0.65,0.843117064362715,-0.257216698177369,700
"221",0.825991086457273,0.8,0.694324783955759,-0.161532779029577,400
"222",0.654914367102842,0.75,0.661437599168695,-0.136758311105783,500
"223",0.8151238756535,0.8,0.633700776743553,-0.136195748585087,400
"224",0.699964623222164,0.75,0.661747547613709,-0.159154591233962,500
"225",0.45280899734895,0.65,0.836207795116749,-0.271470350333314,700
"226",0.674529279731589,0.75,0.677303708383196,-0.128084284305116,500
"227",1.04309838467706,0.85,0.532497269601341,-0.0960304044144978,300
"228",0.827711667402808,0.8,0.689914487372505,-0.255553050373423,400
"229",0.413882851180166,0.65,0.837934451072776,-0.240464844747556,700
"230",0.803410106889661,0.8,0.637735856983467,-0.112544451524636,400
"231",1.08371655915522,0.85,0.581594874851908,-0.178969328285973,300
"232",0.715194996603103,0.75,0.73143414726356,-0.231193262258362,500
"233",0.707678938870716,0.75,0.760512071987868,-0.268498167065885,500
"234",0.378230524456641,0.65,0.810014819625976,-0.248856332862528,700
"235",1.05633418393766,0.85,0.57394005900598,-0.206653700570728,300
"236",1.03011715734622,0.85,0.530313805843511,-0.0960812247024045,300
"237",0.40035666933199,0.65,0.823539429282909,-0.227174157538513,700
"238",1.69136875441457,0.95,0.363909558414491,0.0213317341851456,100
"239",0.25153696042808,0.6,0.902900059276132,-0.250440340349009,800
"240",0.810921852914033,0.8,0.626971502560953,-0.0988843217313234,400
"241",0.534586993297284,0.7,0.775057698712332,-0.313449716536575,600
"242",0.390089904386269,0.65,0.792910745702173,-0.211058354619917,700
"243",1.03653195228519,0.85,0.523643351107379,-0.109011908108072,300
"244",0.390527472730918,0.65,0.832374940798332,-0.267942431319032,700
"245",0.483356362451196,0.7,0.797520479017112,-0.284442692338623,600
"246",1.09122968103952,0.85,0.632506774987142,-0.163599463434092,300
"247",0.544159906195099,0.7,0.75926672558519,-0.213962961555451,600
"248",0.720621377210096,0.75,0.615841151010897,-0.130602945414746,500
"249",0.884772711499878,0.8,0.659058312827038,-0.140714951435018,400
"250",0.143417014091316,0.55,1.0807585329346,-0.383558521328025,900
"251",1.03864855588702,0.85,0.542701500604701,-0.0372277219964537,300
"252",0.420876250103682,0.65,0.790830414676864,-0.196361507650953,700
"253",0.835838140621251,0.8,0.651378067756925,-0.168902805462162,400
"254",0.704686039149421,0.75,0.792172419422803,-0.231871644744076,500
"255",0.717990086481922,0.75,0.695811583907425,-0.194763470539366,500
"256",1.05328878722255,0.85,0.521861541207747,-0.0758512321404602,300
"257",0.239704995688334,0.6,0.866709292182824,-0.261755130439347,800
"258",0.51022793507286,0.7,0.691432639650309,-0.183279837123774,600
"259",0.519531736652687,0.7,0.751272043494475,-0.188390514949862,600
"260",1.12242373269043,0.85,0.643933461790844,-0.227366364251733,300
"261",0.537927792785849,0.7,0.790317564059663,-0.284890557354198,600
"262",0.542905192897084,0.7,0.731895327814096,-0.149964492596208,600
"263",0.63188036981311,0.75,0.660218753787364,-0.150437168988928,500
"264",0.614819744035822,0.75,0.73504804895748,-0.195819741722513,500
"265",0.812306648142889,0.8,0.606449388774941,-0.157850479930242,400
"266",0.66761672302772,0.75,0.680799062271067,-0.165120341625256,500
"267",0.736488818339496,0.75,0.694529831192129,-0.214993511602675,500
"268",1.05401798454781,0.85,0.566586280194345,-0.0972121721468623,300
"269",0.836228525954752,0.8,0.586233351754751,-0.179384193169678,400
"270",0.833604031170981,0.8,0.621235476364261,-0.171548508641447,400
"271",0.715189929149276,0.75,0.671288388424558,-0.244146420659875,500
"272",1.05199242891016,0.85,0.623162785691664,-0.163781947758893,300
"273",0.558553880263252,0.7,0.728001446821238,-0.220913249609678,600
"274",0.254669875326749,0.6,0.833244822198717,-0.211471776708029,800
"275",0.538786788878638,0.7,0.784800167025038,-0.200915424310635,600
"276",0.478220829474877,0.7,0.75967568056661,-0.175476414900872,600
"277",0.52343708514302,0.7,0.786571684625625,-0.256363630786876,600
"278",1.01284518383883,0.85,0.559879250958862,-0.0705886034963338,300
"279",0.851678696924853,0.8,0.587195121397184,-0.0761235351281484,400
"280",0.85491579689717,0.8,0.590107868056916,-0.124276371190073,400
"281",0.713725918950736,0.75,0.698581158885221,-0.190645221974815,500
"282",0.477524059047048,0.7,0.784298813051263,-0.247374204474365,600
"283",1.02083363839754,0.85,0.585280108255358,-0.163880213205932,300
"284",0.271273036198082,0.6,0.909070760490555,-0.283761283317829,800
"285",0.36048017161462,0.65,0.835258538439105,-0.260030603889928,700
"286",0.389796527779419,0.65,0.77943358305491,-0.234586906962344,700
"287",0.846528228778617,0.8,0.674327607590029,-0.233476331826797,400
"288",0.674630061995016,0.75,0.676039602339195,-0.134217626782826,500
"289",1.29109559722549,0.9,0.458285561071906,-0.086193158945825,200
"290",0.892436048324122,0.8,0.59191902741022,-0.101390147047903,400
"291",0.746848659141341,0.75,0.662167667155308,-0.17522541017573,500
"292",0.414070310325841,0.65,0.855726313302181,-0.276811147387232,700
"293",0.693576794287158,0.75,0.680609135964275,-0.182615422197875,500
"294",0.678373165584153,0.75,0.690201055518883,-0.17469498111522,500
"295",0.509139767172602,0.7,0.725246740322527,-0.148932116564802,600
"296",0.70484798346161,0.75,0.754513999956453,-0.249770276641629,500
"297",0.00841710275207193,0.5,1.00330467925979,-0.247554613126654,1000
"298",0.841164718710547,0.8,0.5885204769637,-0.101682379906838,400
"299",0.880388523289896,0.8,0.624585358601881,-0.137944551922848,400
"300",0.354046941212099,0.6,0.840781293462427,-0.226028811793896,800
"301",1.09919123433144,0.85,0.544365186891317,-0.139044291072461,300
"302",0.495574871814554,0.7,0.727955745789462,-0.170073667340925,600
"303",0.535090147310447,0.7,0.774732165149879,-0.237662621625162,600
"304",0.884129815246709,0.8,0.643428180907311,-0.118979760323895,400
"305",1.32543181618316,0.9,0.489293867259902,-0.0808501197723305,200
"306",1.5764786439093,0.95,0.351328741931495,0.0472692403346548,100
"307",0.382765319790254,0.65,0.832142398597634,-0.234938624816666,700
"308",0.8790080470477,0.8,0.610046840363215,-0.112630615553449,400
"309",0.732001495575551,0.75,0.669159618095942,-0.17021403036547,500
"310",0.241626156403024,0.6,0.902788083186592,-0.237923721301135,800
"311",0.876539570527317,0.8,0.669508542405611,-0.231204501726225,400
"312",0.513597358392929,0.7,0.706996530277027,-0.162937880928395,600
"313",1.00503846637882,0.85,0.558889299672877,-0.111020134454648,300
"314",0.625358790356417,0.75,0.690296222027608,-0.190646296897257,500
"315",1.28702637279865,0.9,0.507770670629854,-0.138207217718711,200
"316",0.423130852624307,0.65,0.782919516700181,-0.218603272793064,700
"317",0.637148091655023,0.75,0.696402724406601,-0.172735389311687,500
"318",0.392755171251587,0.65,0.822900062781398,-0.25453509663797,700
"319",0.68898466753374,0.75,0.717268013631859,-0.177644213075087,500
"320",0.500804700427629,0.7,0.844347994791331,-0.281306568642828,600
"321",0.728976019742391,0.75,0.720926099035452,-0.253739769894244,500
"322",0.504914896116904,0.7,0.754042347601229,-0.215867362330001,600
"323",0.856844688868317,0.8,0.609055227453297,-0.156243031991154,400
"324",0.271108642896955,0.6,0.944328635762066,-0.294338297211449,800
"325",1.05106719584972,0.85,0.553692109862249,-0.21931156914234,300
"326",0.505002537178891,0.7,0.735410860468437,-0.207899980820166,600
"327",0.671016394259512,0.75,0.698244730063132,-0.212382809146251,500
"328",0.552313799157778,0.7,0.797892957440993,-0.253500257970227,600
"329",1.01342182674984,0.85,0.52936904124317,-0.0792323741473811,300
"330",0.867794878317202,0.8,0.642308766996767,-0.177550490378516,400
"331",0.519487178622232,0.7,0.798646768278271,-0.219429722196727,600
"332",0.875075006425857,0.8,0.588676567295305,-0.181448883355464,400
"333",0.859826129172011,0.8,0.652200138361713,-0.170726891587499,400
"334",1.30109817627185,0.9,0.481603894911062,-0.110724516750219,200
"335",0.279340159662641,0.6,0.854865745696532,-0.227664837331047,800
"336",0.263002482767115,0.6,0.905127009823742,-0.254613020420446,800
"337",0.361854115795356,0.65,0.791499300971667,-0.172418864597923,700
"338",0.722207681616859,0.75,0.702521236436478,-0.220349647554097,500
"339",0.562101295002832,0.7,0.791914385993364,-0.312236149980486,600
"340",0.3867754303727,0.65,0.77058848292715,-0.220726731381429,700
"341",1.05420363401621,0.85,0.597146231769301,-0.150531805833498,300
"342",0.611068092236824,0.75,0.719270029898688,-0.23423731410385,500
"343",0.253967511371354,0.6,0.87551815219614,-0.298523752566543,800
"344",0.838501510836634,0.8,0.622303355353106,-0.123086591198608,400
"345",0.133547624829066,0.55,0.982706205976883,-0.32172684166113,900
"346",1.28521384295047,0.9,0.436760971440718,-0.123253035357857,200
"347",0.660672012306045,0.75,0.725992884081533,-0.205958296604676,500
"348",0.566525084792942,0.7,0.777581150201626,-0.239420436531364,600
"349",1.0573080442896,0.85,0.592682784392787,-0.236688668572823,300
"350",1.07073359372847,0.85,0.574682251642255,-0.116780883969688,300
"351",1.34931734169859,0.9,0.497885587809537,-0.156820680960415,200
"352",1.3581731750408,0.9,0.512806394345682,-0.200166183888491,200
"353",0.884462840776379,0.8,0.610947434882949,-0.197604530520387,400
"354",0.40427573561154,0.65,0.898424922828544,-0.332967287739404,700
"355",0.827573425336321,0.8,0.631470241340117,-0.126004243953692,400
"356",1.07187232387791,0.85,0.591050889952304,-0.145168823941005,300
"357",1.04815819105571,0.85,0.57761101880903,-0.146351783446797,300
"358",1.05378995888716,0.85,0.587542794228412,-0.176171578560759,300
"359",0.86650100107529,0.8,0.658249157493943,-0.155154618683081,400
"360",0.577692735254569,0.7,0.685390310435447,-0.148707586876893,600
"361",0.903455169419811,0.8,0.646160318898645,-0.187830415301355,400
"362",0.501554456296779,0.7,0.734175955894436,-0.179931030574146,600
"363",0.715138380915724,0.75,0.748682751083005,-0.275462280006591,500
"364",0.54862970666861,0.7,0.736761557560918,-0.192960024119098,600
"365",0.853851520460754,0.8,0.602743641028559,-0.111248865312019,400
"366",1.06541079900025,0.85,0.627166244168909,-0.229285242729372,300
"367",0.196548234656215,0.6,0.932562361484215,-0.27413582305569,800
"368",0.833716746599053,0.8,0.603000144728358,-0.143781405121904,400
"369",0.511965622770482,0.7,0.751891673038827,-0.169138709325003,600
"370",0.371827247162473,0.65,0.834902632164493,-0.232126659045685,700
"371",0.695451570836151,0.75,0.718775432770776,-0.223391497853367,500
"372",0.53525969272458,0.7,0.728564911901465,-0.211065285943794,600
"373",1.06738652040122,0.85,0.612655095080651,-0.170812388725585,300
"374",0.538397577442741,0.7,0.782297012805051,-0.237106175175644,600
"375",1.26638548418239,0.9,0.480611520652301,-0.144623430520628,200
"376",0.395377925689392,0.65,0.841378116772425,-0.243516411213411,700
"377",0.426615849909046,0.65,0.832340266674837,-0.297599117151246,700
"378",0.840171897746864,0.8,0.613765011492053,-0.162141610094584,400
"379",0.354689146028458,0.65,0.798667492923155,-0.223426401381078,700
"380",0.684038280285002,0.75,0.657925718614543,-0.152915890272095,500
"381",0.809703328869863,0.8,0.617593502127778,-0.12849489727817,400
"382",1.0678270658247,0.85,0.548314636763958,-0.103073405026128,300
"383",0.331254032541128,0.6,0.89409503819086,-0.30348633759243,800
"384",0.863163414690486,0.8,0.630651504590428,-0.166328995682351,400
"385",0.403203565910857,0.65,0.817236727904423,-0.224081948981287,700
"386",1.00936113060043,0.85,0.517075632672453,-0.0754064853196063,300
"387",0.395815615591114,0.65,0.809072996608485,-0.230047309444966,700
"388",1.04533963987326,0.85,0.518311502626271,-0.0667714111301942,300
"389",0.419210911204181,0.65,0.857139268771033,-0.274544013357991,700
"390",1.067825383466,0.85,0.548608451951509,-0.0980231130854983,300
"391",0.993578656104293,0.85,0.560799516118828,-0.113383650377712,300
"392",0.81826159284572,0.8,0.614845397020543,-0.16094526354344,400
"393",0.395497095221918,0.65,0.778787471960132,-0.222688356406456,700
"394",0.427798438483489,0.65,0.797374201295008,-0.210953853398582,700
"395",0.881783086938033,0.8,0.622757192826285,-0.148503278284406,400
"396",0.536085883708376,0.7,0.745784253747025,-0.288281453831522,600
"397",0.696577418216816,0.75,0.753813778873276,-0.232026332707614,500
"398",1.09362359139978,0.85,0.549248564964387,-0.164872715252503,300
"399",0.880236742593514,0.8,0.638819555367084,-0.183202366874123,400
"400",0.498981951256867,0.7,0.767294369728991,-0.195178489185327,600
"401",0.841546468642649,0.8,0.594448669268887,-0.144330173218311,400
"402",0.521509373768882,0.7,0.728763828496485,-0.204325719400929,600
"403",0.388049325281056,0.65,0.877649338413994,-0.266397919996624,700
"404",0.522270234848155,0.7,0.767782757524605,-0.249228298027268,600
"405",0.373227520937878,0.65,0.789888376885431,-0.237627417442622,700
"406",0.545703787692989,0.7,0.724471755283718,-0.178363439874006,600
"407",0.519693675228499,0.7,0.723143575401244,-0.19463699783457,600
"408",0.616742252337005,0.75,0.701818468473163,-0.18362311214164,500
"409",0.519530282023253,0.7,0.712697983290071,-0.204866485623706,600
"410",0.699478748377006,0.75,0.731760258603173,-0.196627268340922,500
"411",0.867811212891401,0.8,0.622052115166558,-0.156296949551281,400
"412",0.682845794748822,0.75,0.681010977508889,-0.195442415654753,500
"413",0.674091475173486,0.75,0.706942605937631,-0.187941366618253,500
"414",0.907223887453483,0.8,0.589542421673993,-0.0876030720747769,400
"415",0.672976338593657,0.75,0.6496308274516,-0.153002837343738,500
"416",0.55023225222231,0.7,0.817923358676197,-0.276699151072839,600
"417",0.701020832079621,0.75,0.68664035571855,-0.188192082080652,500
"418",0.532236263633086,0.7,0.791201541093429,-0.216988803929328,600
"419",0.375834503444283,0.65,0.830253922915275,-0.236334016959254,700
"420",0.151078154650905,0.55,0.91998799560322,-0.231069044664548,900
"421",0.548834352571723,0.7,0.717505640945403,-0.205741388018469,600
"422",0.719251534477055,0.75,0.709594236952949,-0.221820857914564,500
"423",0.514022507948297,0.7,0.756605600298248,-0.213320034555447,600
"424",0.699008815838196,0.75,0.730261352032292,-0.247922868951815,500
"425",0.515034815082618,0.7,0.743507046100176,-0.198273245915407,600
"426",0.408077932615227,0.65,0.755866881394073,-0.197454376629605,700
"427",0.674777043744414,0.75,0.691579119240217,-0.192375028426203,500
"428",0.427043167853777,0.65,0.831857546273465,-0.253802699709361,700
"429",0.659048675306251,0.75,0.678292676686578,-0.198971302494936,500
"430",0.444553373655615,0.65,0.771043759680695,-0.21988802575605,700
"431",0.545776495533395,0.7,0.792239309428092,-0.245886752021976,600
"432",0.86843948409834,0.8,0.627977979161539,-0.160404192238609,400
"433",0.841146393512545,0.8,0.619717847428514,-0.155371881820144,400
"434",0.509057365242832,0.7,0.781778878973133,-0.243615177060003,600
"435",0.282980759847288,0.6,0.775127625200714,-0.19586075799101,800
"436",0.420508315622427,0.65,0.847400697282917,-0.231769979750728,700
"437",0.682955885732545,0.75,0.678011472069431,-0.162936517275559,500
"438",0.539658389765773,0.7,0.735472255413736,-0.235692028614585,600
"439",0.735857605601465,0.75,0.623697671021009,-0.173534868583721,500
"440",0.865869151834398,0.8,0.605107960356751,-0.169487712060748,400
"441",0.590099428281909,0.7,0.741892575899497,-0.227647872829664,600
"442",0.675608212198958,0.75,0.728234697639007,-0.178005378701937,500
"443",0.495634242100385,0.7,0.784716085662319,-0.227308565835106,600
"444",0.841553286259791,0.8,0.642003154346512,-0.146119879997643,400
"445",1.00700618899714,0.85,0.522296188612397,-0.126176116457097,300
"446",0.395010092498885,0.65,0.872905098136504,-0.288291831254132,700
"447",0.245024977173733,0.6,0.838026527946632,-0.210557379581139,800
"448",1.07006220260113,0.85,0.590243088124376,-0.140784517713754,300
"449",0.872468173475672,0.8,0.638875461791382,-0.23443443570802,400
"450",0.665104832173874,0.75,0.714616984366869,-0.245426335772554,500
"451",0.385605834602445,0.65,0.801871649836622,-0.200135287485693,700
"452",0.427503123591148,0.65,0.802029661382618,-0.219273533364873,700
"453",0.0377447394409116,0.5,1.07330084779725,-0.355013619556467,1000
"454",0.508259882001875,0.7,0.746491018391759,-0.218716519014754,600
"455",0.122058209990788,0.55,1.02256589227439,-0.340110510467742,900
"456",0.756884421222058,0.75,0.704580836053393,-0.228119681719506,500
"457",0.555347245735233,0.7,0.825900833335504,-0.257876741290518,600
"458",0.533758504640561,0.7,0.733267571561007,-0.181862079976559,600
"459",0.865203885805767,0.8,0.587209888583529,-0.117495569665943,400
"460",1.3201916065522,0.9,0.462132411568667,-0.1045574838165,200
"461",0.817208252470632,0.8,0.647678699214869,-0.170859042447585,400
"462",0.393344768043223,0.65,0.829857693686113,-0.191882141677077,700
"463",1.01296812296014,0.85,0.524396533174811,-0.092862423772869,300
"464",0.271233704679022,0.6,0.884349177557627,-0.286425964245407,800
"465",0.53647926768434,0.7,0.795316888121786,-0.226335292937484,600
"466",0.539504721830306,0.7,0.732510124564713,-0.248954727813291,600
"467",0.373822133882559,0.65,0.777188921941356,-0.211142650698479,700
"468",0.84379915597352,0.8,0.679812735848389,-0.188079229888537,400
"469",0.524474655102684,0.7,0.787408265469036,-0.213061022760233,600
"470",0.544774847725557,0.7,0.761437645224216,-0.247075889742289,600
"471",0.895717781938605,0.8,0.612446091981014,-0.168250228500172,400
"472",0.827562936206414,0.8,0.669860297598402,-0.206533077067982,400
"473",0.525185419765713,0.7,0.769124620246771,-0.216542769239127,600
"474",0.825350658925255,0.8,0.58885418463595,-0.12752258808159,400
"475",0.84382148841042,0.8,0.603937345401104,-0.1376795034549,400
"476",0.390335635410775,0.65,0.77284604757258,-0.17927318255169,700
"477",0.234286376433881,0.6,0.882903353608682,-0.229933787306257,800
"478",0.381218595966153,0.65,0.795138212413761,-0.17186757724853,700
"479",0.876021567570867,0.8,0.600089738510878,-0.169585763559221,400
"480",0.538610899655739,0.7,0.776658751687646,-0.2406177435514,600
"481",0.24322499244487,0.6,0.926351955448585,-0.278554109458914,800
"482",0.893875970490667,0.8,0.607471702393472,-0.130778631829223,400
"483",0.408006993396156,0.65,0.74491091146727,-0.165178220576192,700
"484",1.06947046965049,0.85,0.530951724721004,-0.0552214304047309,300
"485",0.289361273217064,0.6,0.880873264090122,-0.238565285959674,800
"486",0.230027175280374,0.6,0.906698163612526,-0.247526969246905,800
"487",0.853800262109709,0.8,0.664840528253804,-0.21211480962839,400
"488",0.570750163657411,0.7,0.73631369572029,-0.192716545706852,600
"489",0.365752508733548,0.65,0.755047132780646,-0.163822716980601,700
"490",0.530491668205618,0.7,0.736727594386279,-0.163748186684701,600
"491",0.509991025012186,0.7,0.777516157507115,-0.24744872927307,600
"492",0.703950267317291,0.75,0.727218934117266,-0.230449221031585,500
"493",0.544314954860644,0.7,0.744040228714366,-0.147191863552232,600
"494",0.140594007165141,0.55,0.984887431506718,-0.292432400104516,900
"495",0.497964047185212,0.7,0.801067649777943,-0.190526031029196,600
"496",0.546687322514006,0.7,0.69576453791103,-0.184034096546411,600
"497",0.88100788679107,0.8,0.643899570639067,-0.187478014083044,400
"498",0.679913446936261,0.75,0.677434354012641,-0.204562439423864,500
"499",0.727389871050744,0.75,0.601228302024223,-0.176222578826662,500
"500",0.839019798738341,0.8,0.574779303759428,-0.178795391987741,400
