"","thr","scale","shape","len","time","timeX"
"1",0.706286845326183,0.696108562143356,-0.167667517121443,500,2.16986489295959,2.17186403274536
"2",0.0464843505552481,0.998666102480086,-0.267212673100662,1000,0.404390096664429,0.411570072174072
"3",1.63000343439381,0.446409257519191,-0.115691464240736,100,0.437872886657715,0.438647031784058
"4",0.242835154719458,0.901256960887613,-0.281929691494185,800,0.382654190063477,0.385517120361328
"5",0.0518128285884104,1.00321428186599,-0.285765037462625,1000,0.440604686737061,0.444628715515137
"6",-0.0317439467071035,1.02890245539181,-0.278674809939548,1000,0.414217948913574,0.418983459472656
"7",0.273110715597231,0.861781155128588,-0.219511467145887,800,0.42426609992981,0.427365064620972
"8",0.0110071348071054,1.00361081706516,-0.276505434636834,1000,0.562108039855957,0.568680763244629
"9",0.278530036938772,0.814373343357337,-0.240510071273446,800,0.399097919464111,0.402257442474365
"10",1.08373008080357,0.489304924015269,-0.0549433518068328,300,0.424258470535278,0.42553186416626
"11",1.2665637830044,0.528808937745716,-0.111376225890224,200,0.401841878890991,0.402920246124268
"12",-0.00283524771698449,1.00635084716206,-0.275007116729995,1000,0.410654544830322,0.414269685745239
"13",1.30818127316518,0.441505322583494,0.0213932547753157,200,0.402116537094116,0.403181552886963
"14",0.203061664417059,0.929097802686196,-0.226713379426808,800,0.392101049423218,0.395220518112183
"15",0.293372549631103,0.849833043989015,-0.246551860931015,800,0.443964958190918,0.447596073150635
"16",0.694508834659502,0.667162149490905,-0.170751784560853,500,0.405106067657471,0.407036781311035
"17",0.863524096876377,0.637328099710467,-0.139365352632049,400,0.39828896522522,0.399865627288818
"18",0.410829823457179,0.798202431962715,-0.243592213705105,700,0.43350625038147,0.436180353164673
"19",-0.0348854639314206,1.08455119193922,-0.340315745256502,1000,0.410225629806519,0.414382934570312
"20",-0.0153406557034445,1.05015841877524,-0.332358437016569,1000,0.39548921585083,0.401490688323975
"21",0.332480066712487,0.845681741711798,-0.253757277925549,800,0.407203912734985,0.410537958145142
"22",0.529721612660569,0.720535080665724,-0.166913006501272,600,0.413965463638306,0.41691255569458
"23",0.270975982420285,0.875348124685668,-0.261326365040953,800,0.384294986724854,0.389876842498779
"24",0.526633331376493,0.705470729784522,-0.184382491980411,600,0.423796892166138,0.426239252090454
"25",1.28799829000921,0.47441103001871,-0.136825452749363,200,0.443198680877686,0.444251537322998
"26",-0.0120968520257883,0.962970148514429,-0.252377641490145,1000,0.399462223052979,0.403200149536133
"27",-0.00915003955243179,0.984736903324432,-0.248684458062577,1000,0.547472953796387,0.554219722747803
"28",-0.0354860573776929,0.949915965238455,-0.233059275665135,1000,0.388836622238159,0.393073320388794
"29",0.705537155967774,0.741202404385159,-0.233693304772224,500,0.402873992919922,0.404927015304565
"30",1.66243616025584,0.653562950480012,-0.427394684540902,100,0.410394430160522,0.411171913146973
"31",1.68894342689652,0.596909706025621,-0.428716620726913,100,0.410354375839233,0.411104917526245
"32",-0.0241348822929469,0.995299016340108,-0.269425002963769,1000,0.438358783721924,0.445739030838013
"33",0.013990344790706,0.991875356927143,-0.261832968414477,1000,0.411002397537231,0.417856693267822
"34",1.01686497142388,0.55735413625207,-0.178019768004887,300,0.575931310653687,0.577345371246338
"35",1.7889242024558,0.471863052223687,-0.055828957523935,100,0.377983570098877,0.382184743881226
"36",0.0157411138915171,0.966252629978425,-0.233791855369821,1000,0.409286975860596,0.417238473892212
"37",0.022867345883133,0.965398109913319,-0.235410185864414,1000,0.421515226364136,0.425270318984985
"38",0.812563682784008,0.592459083657956,-0.188307011109307,400,0.395382404327393,0.396926403045654
"39",1.62642258345744,0.373800472337833,-0.0664315543823752,100,0.37945294380188,0.380333423614502
"40",0.0305226727644617,0.985100853083114,-0.274805736488554,1000,0.398347616195679,0.402124881744385
"41",0.392204043077776,0.812324088802371,-0.219243037047139,700,0.415873050689697,0.41871190071106
"42",-0.0131341776618683,0.967962617968783,-0.241728941791729,1000,0.40510630607605,0.409044742584229
"43",0.0169288495996759,1.01332544181379,-0.293900619676514,1000,0.378423452377319,0.383885622024536
"44",1.20243271596025,0.708814157698311,-0.309346298720758,200,0.399704217910767,0.400784254074097
"45",0.234491452284127,0.889502698768799,-0.221515344400765,800,0.368269205093384,0.371211767196655
"46",0.0204055586335236,0.979499286367284,-0.255042693901993,1000,0.398792505264282,0.402766704559326
"47",0.84534133223416,0.635841543214093,-0.183988556038227,400,0.401077747344971,0.403325796127319
"48",-0.00799632069827049,1.01754979246426,-0.3163882551228,1000,0.377856969833374,0.382396697998047
"49",-0.0325930570912686,0.995807335121755,-0.230571004341994,1000,0.387816905975342,0.395038604736328
"50",0.276702842500372,0.858191395060148,-0.246480244127846,800,0.397065401077271,0.401623249053955
"51",0.294200850183769,0.822369905059661,-0.227868865251353,800,0.537741184234619,0.540609121322632
"52",1.60154969128214,0.341823966884526,-0.0278480372933065,100,0.434285163879395,0.435040235519409
"53",0.304256012360111,0.877772491582655,-0.238735405481141,800,0.401119232177734,0.404622554779053
"54",-0.00704497813175172,0.961155512693621,-0.237630058461007,1000,0.383267402648926,0.387135982513428
"55",0.00345978623134449,0.998528612797877,-0.263477163633043,1000,0.560733795166016,0.566166162490845
"56",0.0127128017146848,0.95008404975554,-0.245764234841786,1000,0.384335517883301,0.388531684875488
"57",0.861288294943903,0.598553026727929,-0.186499862627507,400,0.440192222595215,0.441799402236938
"58",0.0180690213598527,0.973338758946901,-0.278148077581994,1000,0.374528646469116,0.378662347793579
"59",0.0264318915052442,0.976841193740457,-0.279028022934815,1000,0.408466100692749,0.411978960037231
"60",0.0378514181756557,0.975849676940126,-0.24290852820425,1000,0.398211002349854,0.401805400848389
"61",-0.0031294857030464,0.966209422741383,-0.25242660999653,1000,0.392903566360474,0.396876573562622
"62",0.014311083444418,1.07013232930166,-0.323536263905582,1000,0.405238628387451,0.410634517669678
"63",0.855786163271848,0.605358145558774,-0.164307494746726,400,0.374489068984985,0.377525091171265
"64",-0.00737755434524639,1.082556428705,-0.346963990687518,1000,0.404916286468506,0.408906698226929
"65",1.05655381993831,0.522789817497464,-0.0454852368281361,300,0.392044544219971,0.393189430236816
"66",-0.00147362362479516,0.965861155931812,-0.273366891186743,1000,0.417518615722656,0.421396732330322
"67",0.265774812489543,0.836159723848438,-0.226850147365899,800,0.374598026275635,0.377974271774292
"68",0.0254966434042044,1.01557381017445,-0.319496799092699,1000,0.404268741607666,0.40844988822937
"69",-0.0414249529479701,0.973709779423336,-0.237824118894329,1000,0.399074077606201,0.40522313117981
"70",0.0250265636496349,0.933445551101536,-0.290503876056451,1000,0.428691625595093,0.432646989822388
"71",0.0444213033607946,0.972332098368057,-0.241589405799879,1000,0.380704641342163,0.384305000305176
"72",0.583723831262862,0.751671049704857,-0.219804076815017,600,0.418691873550415,0.421001434326172
"73",1.03865778419979,0.561697675269562,-0.161414823941368,300,0.400269746780396,0.40165901184082
"74",0.593504388252572,0.722299005134938,-0.216503358923093,600,0.410659551620483,0.41266918182373
"75",-0.0315840915957333,1.02838486132617,-0.291542372794279,1000,0.420383214950562,0.424690961837769
"76",0.00880454447840117,1.06367735771375,-0.341737170331361,1000,0.413155317306519,0.418001413345337
"77",0.252724765051386,0.894703101863637,-0.267793349915008,800,0.385981798171997,0.388906717300415
"78",0.0455921468738526,0.970133183279887,-0.245515153580771,1000,0.386790990829468,0.390644073486328
"79",0.869493090780273,0.650924138903866,-0.170697716526411,400,0.39101505279541,0.39253306388855
"80",0.272648315843445,0.787308778689513,-0.180328006019491,800,0.37818717956543,0.380999088287354
"81",1.60149403616783,0.620425874123965,-0.366405597504735,100,0.386099338531494,0.386915445327759
"82",1.3056782873626,0.494916633301884,-0.195881253595745,200,0.396182298660278,0.397173643112183
"83",0.899586442586207,0.595364583066698,-0.152811102713212,400,0.373608589172363,0.375905513763428
"84",0.0205880058405836,0.962229860358054,-0.237200802522281,1000,0.397420883178711,0.401785612106323
"85",-0.0474152794441903,0.985225031034995,-0.217030281804528,1000,0.381272554397583,0.385450601577759
"86",-0.00752476927277974,0.956570527348274,-0.291383681240016,1000,0.374494791030884,0.378159046173096
"87",0.300142886417442,0.793460785633072,-0.218491234153781,800,0.405997514724731,0.408860445022583
"88",1.60816063785788,0.603785791525556,-0.29451669529002,100,0.392265558242798,0.392990589141846
"89",0.696768030569353,0.680321974196795,-0.165695044975059,500,0.382911682128906,0.384860754013062
"90",1.63914328403331,0.683054741677595,-0.443218722101786,100,0.376813650131226,0.377494335174561
"91",-0.0394449316591563,1.03710227177947,-0.297718517295813,1000,0.396753311157227,0.401343584060669
"92",-0.00698197840632924,1.07087384877631,-0.29822897568663,1000,0.456376552581787,0.460561037063599
"93",0.0105011618580999,1.01888170763218,-0.276874100868693,1000,0.434333801269531,0.438442707061768
"94",1.63609337851304,0.630626699483177,-0.356803967677091,100,0.377678632736206,0.378438472747803
"95",-0.00938859237896715,0.990568077217038,-0.268478838323474,1000,0.381650686264038,0.385041952133179
"96",1.72313856590849,0.663702131123817,-0.360066005411072,100,0.403419017791748,0.404147148132324
"97",-0.0431634609326594,1.06745559464195,-0.334320779382981,1000,0.365180492401123,0.370737314224243
"98",0.0192513086605006,0.948759641619185,-0.221125951933902,1000,0.387296438217163,0.391215562820435
"99",1.05549887339406,0.610575003941992,-0.189186007206986,300,0.391300201416016,0.393537998199463
"100",0.414303096891583,0.797803434636407,-0.220102942147834,700,0.372339248657227,0.374927759170532
"101",-0.0294145587259614,1.03071536223653,-0.297946296712949,1000,0.387770414352417,0.394382476806641
"102",-0.0130315669474591,1.09131780309511,-0.329819542630039,1000,0.542073249816895,0.546448945999146
"103",-0.0199388229826708,0.997791425903358,-0.236496883339704,1000,0.411197900772095,0.41669750213623
"104",0.524415045532007,0.762352035904212,-0.18172702041034,600,0.39213490486145,0.394696950912476
"105",0.00492926460594741,0.999125830854435,-0.260924710922718,1000,0.383062601089478,0.389308214187622
"106",-0.000181558528051562,1.05765523121487,-0.326943989677058,1000,0.401861429214478,0.406779289245605
"107",1.29084895634333,0.478340664674851,-0.0991563787620002,200,0.6176917552948,0.619249820709229
"108",-0.00879223554200963,1.00310817741041,-0.315700777380094,1000,0.42657208442688,0.430445909500122
"109",-0.00415178299580576,1.04078283325411,-0.293254372139893,1000,0.412362575531006,0.417195081710815
"110",-0.0534287109876957,0.996683959519873,-0.259540740427024,1000,0.518692493438721,0.530365228652954
"111",-0.0201492965552088,0.914365735989728,-0.203366060541996,1000,0.391072273254395,0.394874811172485
"112",0.897963817528959,0.593740187676553,-0.118603078184679,400,0.386645793914795,0.388701200485229
"113",1.11362240613547,0.505168740390885,-0.103425433500455,300,0.456099271774292,0.457380771636963
"114",0.00517814194386183,1.03627751913416,-0.279450023745163,1000,0.376772880554199,0.380823373794556
"115",0.387002536679354,0.79099537723257,-0.185615491565973,700,0.394687414169312,0.397362947463989
"116",0.0152650251345264,0.999433777793671,-0.275047481025906,1000,0.778392314910889,0.783135890960693
"117",0.0189303122352076,1.02003976950583,-0.299974963199502,1000,0.390799760818481,0.394379377365112
"118",0.00472834354674866,1.02228489373223,-0.290020918156337,1000,0.593942642211914,0.602567434310913
"119",0.018831341553312,1.01998007187369,-0.295345565831951,1000,0.412051677703857,0.418588399887085
"120",0.38954196074193,0.818835098624728,-0.195075096646933,700,0.411726951599121,0.41532301902771
"121",0.657614405884932,0.662707475056592,-0.155404050472005,500,0.41702938079834,0.41919469833374
"122",0.0184405444783448,1.04269770273796,-0.329151898344971,1000,0.446054935455322,0.454035520553589
"123",0.876771709488101,0.640218218584218,-0.164123752348395,400,0.420709848403931,0.422607898712158
"124",-0.0500523892795136,1.0454036034184,-0.290201275319972,1000,0.449290037155151,0.454123258590698
"125",0.675203097532176,0.696706645195489,-0.197428572907749,500,0.435650110244751,0.438193082809448
"126",0.8904391908551,0.592535339748124,-0.0985553422345394,400,0.443442821502686,0.44563627243042
"127",0.380339173575113,0.833484967057019,-0.266149824067739,700,0.409172534942627,0.412214756011963
"128",-0.0400014487552998,1.03978917313314,-0.300143516412226,1000,0.43441104888916,0.44135570526123
"129",-0.0313235488749573,1.00995153674111,-0.259530699585658,1000,0.419684886932373,0.424056768417358
"130",1.33884906277563,0.448311454662498,-0.0234099002664626,200,0.436833143234253,0.437838554382324
"131",-0.03893939121321,1.0101440848417,-0.29186948238722,1000,0.434424638748169,0.438494205474854
"132",0.406782178855682,0.814949346095914,-0.236104809091518,700,0.417749404907227,0.420587062835693
"133",1.02552951384455,0.572092721349594,-0.100002987559015,300,0.4421546459198,0.444291114807129
"134",1.62843739546966,0.347021316976644,0.0321597032955836,100,0.458729267120361,0.459380388259888
"135",1.64704900779666,0.438482796898866,-0.0575139673971946,100,0.435149669647217,0.435866117477417
"136",0.846646853248454,0.639112730675291,-0.170055338997861,400,0.413990020751953,0.415779829025269
"137",0.00703960796061344,1.05622138124961,-0.320037329634614,1000,0.456888675689697,0.461303472518921
"138",0.230230562594663,0.85970577494802,-0.223062719375634,800,0.486122608184814,0.491100072860718
"139",0.282185782237485,0.799118733221833,-0.183182966838786,800,0.413892030715942,0.417073011398315
"140",-0.0303130930259542,1.11256382730513,-0.341643437950687,1000,0.420314311981201,0.425233602523804
"141",1.32075774870679,0.470780543297965,-0.0550491549664401,200,0.452644109725952,0.454027414321899
"142",0.0231085925415688,1.00502219255389,-0.247626949651096,1000,0.43060302734375,0.435991287231445
"143",1.00873976508399,0.582177570125978,-0.257772808802407,300,0.476267099380493,0.477736234664917
"144",0.702013565188894,0.699528014152285,-0.194198610397113,500,0.403110027313232,0.405235052108765
"145",1.03879688461935,0.502644003532425,-0.121647661029632,300,0.430927515029907,0.432300567626953
"146",0.000531501289445485,1.01521369705991,-0.300403887371042,1000,0.469076633453369,0.474586963653564
"147",1.32399590154072,0.504054067304457,-0.0851361168337532,200,0.420459747314453,0.421523332595825
"148",-0.00609870169344668,1.0188795796402,-0.26945269977146,1000,0.426101922988892,0.432144403457642
"149",0.0109320466290373,0.988032891495067,-0.239821933270613,1000,0.43049430847168,0.435669422149658
"150",1.07698620436924,0.580673013058916,-0.217639604761696,300,0.445741653442383,0.447217464447021
"151",-0.0103392808721108,0.988663724797629,-0.289234690610816,1000,0.425251483917236,0.429362535476685
"152",-0.0211407127477568,1.04875025221251,-0.270337744603892,1000,0.413910865783691,0.418568134307861
"153",0.216719139922642,0.903809557744603,-0.3016619444145,800,0.429008722305298,0.434189796447754
"154",0.847654129530773,0.635541403767075,-0.155122379899244,400,0.424807071685791,0.426521301269531
"155",0.5576465180409,0.653947832517686,-0.120787519267635,600,0.415945768356323,0.418422937393188
"156",1.08557955571953,0.535487749206438,-0.14771671055753,300,0.419395446777344,0.420851707458496
"157",0.699477133262276,0.727717559721513,-0.220270788054365,500,0.426744222640991,0.428852081298828
"158",0.485142158482527,0.767924674806624,-0.183168164392574,600,0.411192893981934,0.413718700408936
"159",0.293857070388716,0.95023118552319,-0.306799197889259,800,0.410861015319824,0.413864612579346
"160",0.0754475300090168,1.02857488403539,-0.299780942852613,1000,0.430922746658325,0.436984062194824
"161",0.891467890246623,0.558321954151885,-0.140616863520753,400,0.47504448890686,0.476870775222778
"162",0.0194664972838034,0.975854710496464,-0.251509817303087,1000,0.4210205078125,0.427210569381714
"163",0.697972869216564,0.671547785157181,-0.176049196333003,500,0.533077001571655,0.535362958908081
"164",0.0407471676728711,0.9662213365352,-0.273599396377505,1000,0.452625751495361,0.457064151763916
"165",0.888765707678811,0.629424149809425,-0.154795930598934,400,0.438766956329346,0.440611839294434
"166",0.74297979065916,0.644254939269099,-0.144862527351393,500,0.584564447402954,0.586593151092529
"167",0.00226207842003056,0.926145980338968,-0.23668018661506,1000,0.433236122131348,0.437234163284302
"168",1.66735124488298,0.6939964025703,-0.423602029248668,100,0.44736647605896,0.448167562484741
"169",-0.00497945687012839,0.991611101936482,-0.228918212065477,1000,0.435547113418579,0.442152738571167
"170",0.291800855134667,0.907644691991637,-0.258250866292098,800,0.449313640594482,0.452386617660522
"171",0.721494772023989,0.610255197671753,-0.154937712042719,500,0.412863492965698,0.414935350418091
"172",-0.0425746675659917,1.00089655512228,-0.260479160300178,1000,0.414814710617065,0.419058084487915
"173",-0.017486773140689,1.00447760466542,-0.266352827715265,1000,0.435175895690918,0.441519498825073
"174",1.01986313181907,0.592978518796509,-0.113490846411263,300,0.451271057128906,0.452676057815552
"175",-0.0215685388700594,0.963100982492703,-0.210849664045969,1000,0.429786443710327,0.434983253479004
"176",0.436649633451365,0.845850883889637,-0.295870084947612,700,0.44892406463623,0.451895236968994
"177",1.18557522352007,0.462301293973697,-0.0794158749077999,200,0.413751125335693,0.414774179458618
"178",7.09351585401396e-05,1.06667679094711,-0.349239651499055,1000,0.414315223693848,0.419909954071045
"179",0.576497017810051,0.744648684340101,-0.207926928527777,600,0.587388515472412,0.589982271194458
"180",0.965925874930671,0.534698442191564,-0.150063337644838,300,0.434155464172363,0.43565821647644
"181",0.0110106118639554,0.955593519877427,-0.249725504769424,1000,0.471499443054199,0.47542929649353
"182",1.71873874252236,0.618902593266268,-0.484562176209445,100,0.444380044937134,0.445887327194214
"183",-0.0198292526790563,1.04573020098349,-0.282039408018633,1000,0.404645919799805,0.409134387969971
"184",-0.0246606160003601,0.994246370614297,-0.238868912312646,1000,0.425511598587036,0.431026220321655
"185",0.488425266062178,0.746128977230472,-0.17417710938709,600,0.413042545318604,0.416342735290527
"186",0.0273581217710278,1.04852052458131,-0.311487952244829,1000,0.40516209602356,0.411105632781982
"187",0.583744727646536,0.705441939318143,-0.177112025168282,600,0.452329635620117,0.455046415328979
"188",-0.00665511849935441,1.01671861312643,-0.295187769262008,1000,0.454041242599487,0.458465099334717
"189",0.059639062056944,0.902460053179615,-0.211256102436198,1000,0.434055089950562,0.437775611877441
"190",0.0502813014797348,1.08420464578487,-0.333938386166494,1000,0.438647747039795,0.443769454956055
"191",-0.0357894571050649,1.06874294321342,-0.296931034143131,1000,0.426023483276367,0.430567264556885
"192",0.0229844234930865,1.0019346275458,-0.267526929362189,1000,0.410566568374634,0.415849924087524
"193",0.27240174404441,0.837969161776406,-0.234834401172398,800,0.411416053771973,0.41461968421936
"194",1.56425052727498,0.614405129807757,-0.396047154712902,100,0.428699970245361,0.42972993850708
"195",-0.0521920462353326,1.01157681588777,-0.281000772753378,1000,0.430359125137329,0.437283039093018
"196",0.275694693622759,0.843732516623094,-0.212485318926761,800,0.423159599304199,0.430086612701416
"197",-0.0120100626205404,1.01572199313957,-0.298088861893668,1000,0.435905694961548,0.441519498825073
"198",1.5421202595668,0.56794267639379,-0.312376915287054,100,0.40720534324646,0.408582210540771
"199",-0.0244885655454779,1.04428823092739,-0.303421906552111,1000,0.459484815597534,0.465576887130737
"200",0.0143816310403436,0.963338483591122,-0.200825166250255,1000,0.426611661911011,0.433529138565063
"201",0.0387489430377677,1.02380870733992,-0.275194948809123,1000,0.434956550598145,0.439984321594238
"202",1.6482616446486,0.42529513692949,-0.0488609376223758,100,0.473674297332764,0.474442720413208
"203",1.02872123298909,0.542383923687181,-0.16906468202209,300,0.453930854797363,0.455440521240234
"204",0.0359529727173021,0.867179300874067,-0.199424420206097,1000,0.41091513633728,0.419010400772095
"205",0.424601042830848,0.808920496567791,-0.266216156424787,700,0.432533979415894,0.435785531997681
"206",1.60328706849701,0.324975782009591,0.033547364790967,100,0.423192739486694,0.423906803131104
"207",-0.00679331401770691,0.994842116939801,-0.252593485410655,1000,0.42300820350647,0.430576086044312
"208",0.268144012537153,0.888242219594712,-0.227577382615163,800,0.433920621871948,0.43699836730957
"209",0.0265260556876454,0.904944502167,-0.211415095628268,1000,0.431968688964844,0.435889482498169
"210",0.0159930389365092,1.03712259371399,-0.298874683383226,1000,0.433143138885498,0.438170909881592
"211",0.968742129236676,0.808930177389351,-0.378687606715179,300,0.472455501556396,0.474002599716187
"212",0.0119836567130662,1.05743851153197,-0.309104571392735,1000,0.614033460617065,0.618959903717041
"213",-0.0355048717232832,0.94893646321498,-0.233561981353033,1000,0.423462152481079,0.427853345870972
"214",0.0125278732162506,0.951166904202925,-0.252790137600402,1000,0.416382551193237,0.421267509460449
"215",1.29118408289507,0.454131925610709,-0.0319686014585793,200,0.437567710876465,0.438632965087891
"216",0.405555463240419,0.793046529349227,-0.181641792719015,700,0.442289113998413,0.44514274597168
"217",1.10994472901611,0.505595904357676,-0.124336301943104,300,0.644075155258179,0.645559310913086
"218",-0.0396611617269296,1.10558116219757,-0.311824488155516,1000,0.479971647262573,0.483971834182739
"219",-0.0268600850943554,0.989850515116974,-0.219988897587325,1000,0.462088823318481,0.467404842376709
"220",0.225385363796369,0.907793839047132,-0.272525089985128,800,0.426486253738403,0.42957067489624
"221",-0.057283627129682,1.03946959922579,-0.248995515696794,1000,0.451058149337769,0.457168102264404
"222",0.654914367102842,0.66152473073922,-0.136902210892489,500,0.436244487762451,0.438427686691284
"223",-0.0253063378316858,0.980972863706951,-0.246549643292674,1000,0.436649084091187,0.442999362945557
"224",0.256455035763476,0.878318207011091,-0.237302701978768,800,0.501393795013428,0.504465103149414
"225",0.0443817034524935,1.04689036442945,-0.314315058965525,1000,0.419526815414429,0.426553964614868
"226",-0.0132605016922385,0.963195766858324,-0.204510670207228,1000,0.428104162216187,0.433123350143433
"227",1.59835222129089,0.399225184309657,0.0253469994287144,100,0.424507856369019,0.425569772720337
"228",0.0427611519519322,0.984616042251577,-0.304241374157164,1000,0.420095205307007,0.425466299057007
"229",0.0227648163548797,1.02942009291605,-0.287454716250656,1000,0.433819532394409,0.440213918685913
"230",-0.0230074661175686,0.936617498851304,-0.198734093594551,1000,0.416712045669556,0.421123504638672
"231",1.65844195384258,0.425486962022499,-0.101981049897203,100,0.417039155960083,0.417803049087524
"232",0.0365481465497131,1.03210188585087,-0.303611396540704,1000,0.458407402038574,0.46543550491333
"233",1.65863353503367,0.612899961293907,-0.401069928736449,100,0.435664176940918,0.437018394470215
"234",0.0169782632327051,0.973857373252522,-0.286176888953832,1000,0.418439388275146,0.422197580337524
"235",0.055662347637299,0.971063277381414,-0.292794312454412,1000,0.406721591949463,0.41057300567627
"236",0.297789012844558,0.797578909743986,-0.208470213955911,800,0.496793985366821,0.50005054473877
"237",-0.00324938826677661,1.04256618559217,-0.291185151368235,1000,0.450958490371704,0.455985546112061
"238",0.0219755466751328,0.97237107689051,-0.23440163074103,1000,0.440182209014893,0.446094751358032
"239",0.00469129390804322,1.01466344951776,-0.273654488389755,1000,0.417763471603394,0.425211668014526
"240",1.60910918561607,0.443231843829178,0.0550575979622341,100,0.441577672958374,0.44225025177002
"241",0.0465687836087004,0.991718469222185,-0.345968211073314,1000,0.537993669509888,0.54181170463562
"242",0.0320041721342939,0.944518012667767,-0.248195479412008,1000,0.417746782302856,0.421379566192627
"243",1.03653195228519,0.523659654208723,-0.109000075534215,300,0.416740894317627,0.418342351913452
"244",0.0280944984546523,0.9881465973466,-0.295703542918553,1000,0.425728321075439,0.429618835449219
"245",-0.0488559963733896,1.04697369371681,-0.32973435846703,1000,0.399598360061646,0.40683126449585
"246",0.0183807408526553,1.01788570064268,-0.255049424187039,1000,0.419039487838745,0.423571109771729
"247",0.544159906195099,0.759133422306097,-0.213879840654496,600,0.422751188278198,0.426162719726562
"248",0.720621377210096,0.615957204532664,-0.130834140288929,500,0.431577444076538,0.434282064437866
"249",0.0355812734698126,0.969287366016227,-0.219948344590856,1000,0.427306413650513,0.433389663696289
"250",NA,NA,NA,NA,0.149526834487915,0.149535894393921
"251",1.66163819879238,0.375991778615862,0.152015247475356,100,0.407887935638428,0.40848970413208
"252",0.420876250103682,0.790583982275975,-0.196170201993745,700,0.434048652648926,0.436874628067017
"253",1.02978984221953,0.588898470380077,-0.139257843839529,300,0.471778869628906,0.473807573318481
"254",-0.0383147705156373,1.10982337508668,-0.288444034751668,1000,0.461105585098267,0.465404748916626
"255",0.0304806218018577,1.00070650139146,-0.265617727619316,1000,0.429805278778076,0.435081481933594
"256",1.05328878722255,0.521931567421872,-0.0759543103025078,300,0.417228221893311,0.418555021286011
"257",-0.0276562503066444,1.02692352897651,-0.307561140871153,1000,0.589566469192505,0.595721006393433
"258",0.261345385357274,0.798063752445231,-0.221261480855339,800,0.407976150512695,0.411241054534912
"259",0.266238017173605,0.84043056373947,-0.212071438818916,800,0.418147802352905,0.422126531600952
"260",0.0170150592297073,1.07161447197395,-0.301737395569061,1000,0.438475370407104,0.442916870117188
"261",-0.00673298778922262,1.07879637557862,-0.352505664097513,1000,0.439730167388916,0.446781873703003
"262",0.0458989603994768,0.936701673594828,-0.212277993338821,1000,0.447879552841187,0.452070474624634
"263",0.63188036981311,0.6602044720296,-0.150479072584367,500,0.415833711624146,0.417963027954102
"264",-0.0416057244982335,0.984829433476404,-0.254463922649833,1000,0.438115835189819,0.442252397537231
"265",-0.00573589826964984,0.959180786573308,-0.268294947531078,1000,0.413132667541504,0.417123794555664
"266",0.834831114342978,0.617163648660481,-0.136929982569959,400,0.418411493301392,0.421088933944702
"267",0.0364373346571032,1.0151600259526,-0.284037085861489,1000,0.462004423141479,0.468223333358765
"268",1.29727800871936,0.507946788827321,-0.0681365668066011,200,0.414727926254272,0.415746212005615
"269",0.0179380392989486,0.977729650460694,-0.305480472629177,1000,0.59762978553772,0.603061676025391
"270",-0.0220278359448368,0.994280545792615,-0.263903960975583,1000,0.438573360443115,0.445371627807617
"271",0.0155162575753701,1.03028363875347,-0.329587107394467,1000,0.630740642547607,0.637489080429077
"272",0.232327594841886,0.903219705694393,-0.234440776229731,800,0.440810680389404,0.443984508514404
"273",0.013903362632838,1.00352653146663,-0.290104916077005,1000,0.412254095077515,0.419378280639648
"274",-0.0388280458940391,1.00073707790958,-0.246578955718141,1000,0.425830602645874,0.429794311523438
"275",0.700678219449982,0.718424003480941,-0.181944173070925,500,0.42996883392334,0.432210206985474
"276",-0.0249333969867781,0.958855634785968,-0.224249432412567,1000,0.43479061126709,0.43876838684082
"277",-0.0406980607196627,1.07931087869581,-0.321101082331428,1000,0.496810674667358,0.501911163330078
"278",1.01284518383883,0.55984186026517,-0.070538452107771,300,0.417440891265869,0.419582843780518
"279",0.0486325033104592,0.903421589828122,-0.18759472649339,1000,0.432618618011475,0.43647575378418
"280",0.85491579689717,0.590110549374317,-0.124233410877519,400,0.426617383956909,0.429545879364014
"281",-0.00111144158776223,1.0331572011145,-0.269510806371904,1000,0.597091913223267,0.60163140296936
"282",0.630453247397594,0.721364332987335,-0.227875819267902,500,0.429473638534546,0.431547164916992
"283",1.02083363839754,0.585292229504582,-0.163874908955397,300,0.459131002426147,0.460459232330322
"284",0.0187907129437964,1.03544984369935,-0.311199248912957,1000,0.446387767791748,0.453815460205078
"285",1.55054863264435,0.644514854352829,-0.363452585437375,100,0.412212371826172,0.413009166717529
"286",0.389796527779419,0.779298527517494,-0.234508795857793,700,0.408269643783569,0.411627292633057
"287",-0.0353423289435443,1.0604542487606,-0.314892977904149,1000,0.423511743545532,0.428035259246826
"288",-0.00975595619244751,0.952403134346649,-0.201615934690276,1000,0.4052734375,0.411590337753296
"289",1.29109559722549,0.458245836886304,-0.0861818823576098,200,0.451507568359375,0.45255446434021
"290",0.296404686404068,0.819826403461816,-0.175279943977005,800,0.459825754165649,0.463079690933228
"291",0.0626798440508109,0.994237482086184,-0.281221156666377,1000,0.412333250045776,0.416407823562622
"292",0.029937566484693,1.03482142845791,-0.310667204247461,1000,0.424826383590698,0.431969404220581
"293",0.415818030901739,0.788803503737112,-0.218136466771609,700,0.422247648239136,0.42560338973999
"294",0.678373165584153,0.690027873435666,-0.1745773449409,500,0.443216800689697,0.445363998413086
"295",0.000107108329996201,0.927477430179476,-0.195740438960498,1000,0.418313026428223,0.422331094741821
"296",0.0055266034766487,1.05305199919179,-0.300501994205689,1000,0.416762113571167,0.421533107757568
"297",0.00841710275207193,1.00339514652617,-0.247557131047856,1000,0.454468488693237,0.459434270858765
"298",0.841164718710547,0.588463451274086,-0.101440117622347,400,0.416821002960205,0.418538808822632
"299",0.00828703310011088,1.01789638693384,-0.267661152002639,1000,0.41787576675415,0.424625158309937
"300",0.0848723315283894,0.995271911226719,-0.269509661396269,1000,0.41500186920166,0.420798301696777
"301",-0.0621912323415676,1.08437447578651,-0.288256002105985,1000,0.410577058792114,0.414715051651001
"302",-0.00565410771057647,0.931014962731177,-0.220182965271056,1000,0.406804084777832,0.410988807678223
"303",0.0236518134081315,0.994186566976129,-0.282632652401439,1000,0.425451278686523,0.429495573043823
"304",0.884129815246709,0.643377275551234,-0.118939259183067,400,0.404877662658691,0.406568288803101
"305",0.00160551782518432,0.983889914418023,-0.241210458958149,1000,0.436307191848755,0.441747665405273
"306",-0.0523513790538237,0.931680172661877,-0.211562211078403,1000,0.415511846542358,0.419787406921387
"307",-0.000454107023223539,1.01298335546554,-0.279636647313032,1000,0.420144319534302,0.426377534866333
"308",1.65425205222692,0.443573958520515,0.015265578922933,100,0.418640613555908,0.419859886169434
"309",0.732001495575551,0.668970054613892,-0.170096057050396,500,0.426491737365723,0.428570985794067
"310",0.241626156403024,0.902587928730269,-0.237887347354681,800,0.40703010559082,0.409918546676636
"311",0.0219539453632173,1.03679742347754,-0.308435622926873,1000,0.437226533889771,0.442896127700806
"312",-0.018392470448075,0.959272912840223,-0.234831533774444,1000,0.411349296569824,0.415054082870483
"313",0.26093601907598,0.814053306278758,-0.207407833816534,800,0.384119033813477,0.387291669845581
"314",0.00148547451848943,0.937089078663984,-0.25795465333296,1000,0.384046792984009,0.387798309326172
"315",1.28702637279865,0.507676949306552,-0.138102814853878,200,0.401392698287964,0.402388572692871
"316",0.025485082305374,0.988996650790906,-0.271057807104369,1000,0.422993183135986,0.427032709121704
"317",-0.0260199605020316,0.964475010210933,-0.242569870861511,1000,0.384642124176025,0.388649940490723
"318",0.681878860866371,0.700941074521468,-0.215565420356055,500,0.395305156707764,0.397224426269531
"319",0.0143385506496627,0.989131173304227,-0.248871163435484,1000,0.389679670333862,0.395528078079224
"320",NA,NA,NA,NA,0.148600339889526,0.148609161376953
"321",0.0198723359428711,1.07582681694528,-0.331922356113527,1000,0.389367818832397,0.394370079040527
"322",0.504914896116904,0.753938240369017,-0.215789014233769,600,0.460618495941162,0.462925910949707
"323",0.043013868905659,0.939399071470293,-0.244761342915086,1000,0.402809858322144,0.406460523605347
"324",0.0059961918916692,1.07386010236392,-0.315163804720777,1000,0.412760734558105,0.416719913482666
"325",0.0371438229368325,0.990965737630394,-0.328245253760435,1000,0.458552837371826,0.462071180343628
"326",0.360999274372859,0.807659271596943,-0.234658357354263,700,0.38642144203186,0.388978958129883
"327",0.671016394259512,0.698280504384152,-0.212365491113268,500,0.391540765762329,0.393580436706543
"328",0.0323359890768529,1.02378582857981,-0.300205694330329,1000,0.42521595954895,0.428480625152588
"329",1.01342182674984,0.529452240199565,-0.0792405006305013,300,0.404793977737427,0.405972719192505
"330",0.0417726605822056,0.965817559688767,-0.258822970922957,1000,0.440122127532959,0.443705081939697
"331",-0.0307465157648285,1.04119205387929,-0.268057306629614,1000,0.398740530014038,0.403688907623291
"332",0.549524638588759,0.740119078942657,-0.242314550109613,600,0.427917003631592,0.430360794067383
"333",1.62061061872511,0.669638266342288,-0.329421266315462,100,0.416173934936523,0.417433738708496
"334",-0.0195638258876537,0.999430516806673,-0.258169203458579,1000,0.392452955245972,0.399403810501099
"335",0.279340159662641,0.854980976797778,-0.227793537538081,800,0.413470506668091,0.417960643768311
"336",0.0084281228192836,1.03303102522546,-0.286032330726111,1000,0.398287296295166,0.403711557388306
"337",0.228868556184998,0.847683759694199,-0.188694133973014,800,0.394752264022827,0.39767050743103
"338",1.03638610978986,0.656901072717993,-0.23585622108015,300,0.423250675201416,0.425029516220093
"339",0.0266311367854919,1.06003817142636,-0.359242528739422,1000,0.419803142547607,0.424978256225586
"340",0.3867754303727,0.770498417046736,-0.220634062591545,700,0.404183387756348,0.407244443893433
"341",-0.0179006782221586,1.00345717206293,-0.24510374288574,1000,0.399093866348267,0.403903245925903
"342",-0.0450777591867453,0.983892751864234,-0.281463129450265,1000,0.389774084091187,0.393707990646362
"343",1.58281112653342,0.53908630238268,-0.373841135174475,100,0.394576787948608,0.395348787307739
"344",0.367184057681734,0.808882448132085,-0.198063369355859,700,0.401550769805908,0.404336929321289
"345",-0.00744421301177906,1.07595616440425,-0.34509468633518,1000,0.39068603515625,0.396919727325439
"346",-0.0505302028535607,1.04179492918452,-0.304185323606043,1000,0.409140586853027,0.413294315338135
"347",0.0164806432336557,0.970000810766297,-0.260941604963226,1000,0.392198801040649,0.395788669586182
"348",-0.0174180965116137,1.08364789777366,-0.310719107522057,1000,0.420737504959106,0.425520420074463
"349",0.00852166466019427,1.04000366448558,-0.332229310989546,1000,0.394683122634888,0.398177146911621
"350",1.67053491351025,0.428408558911567,-0.0115151455954414,100,0.411637544631958,0.412303686141968
"351",1.68995582589591,0.39055298803688,-0.0779733580451533,100,0.442838191986084,0.444004535675049
"352",-0.0100812623574481,1.09489092868668,-0.334242754500933,1000,0.41142201423645,0.415971040725708
"353",0.884462840776379,0.610893622588736,-0.197523233318889,400,0.412862539291382,0.414395332336426
"354",0.0248459545525998,1.07342049495187,-0.357725811508218,1000,0.428493499755859,0.434508085250854
"355",1.01385897519145,0.588656169353644,-0.108036801331385,300,0.398974418640137,0.400247097015381
"356",1.07187232387791,0.590792586897419,-0.144970022446536,300,0.413854360580444,0.415606021881104
"357",0.545715207183916,0.749116404872854,-0.21258565538275,600,0.418792963027954,0.421173810958862
"358",-0.0150491506209783,1.02547461198853,-0.283126134908718,1000,0.408283472061157,0.412788391113281
"359",0.86650100107529,0.658194832372392,-0.155190043363983,400,0.39020562171936,0.391841650009155
"360",0.316153976134702,0.804121667455442,-0.191143915913449,800,0.412862300872803,0.415772438049316
"361",0.0428793892721833,1.01930145702283,-0.282696036051086,1000,0.371659517288208,0.376532077789307
"362",0.645547097348113,0.68751447494615,-0.166641763757064,500,0.401992797851562,0.404016017913818
"363",1.7097848090106,0.379140678442495,-0.1258936206232,100,0.434424877166748,0.435195446014404
"364",0.0422860339120542,0.945720855502795,-0.240789357866116,1000,0.400596857070923,0.404167413711548
"365",0.242916642884627,0.857807809403913,-0.201995780692518,800,0.397783279418945,0.400594234466553
"366",-0.0330354244918751,1.07122574015497,-0.312934641516117,1000,0.411690950393677,0.415515661239624
"367",-0.0394886951290422,1.02455278569853,-0.286745209462585,1000,0.427316188812256,0.433368682861328
"368",1.01522070951439,0.551816307222212,-0.119980237427433,300,0.40346097946167,0.404816627502441
"369",0.263089669848012,0.830460530974721,-0.190733712845127,800,0.394860029220581,0.399086952209473
"370",0.247096502683177,0.881173862102029,-0.241833196023056,800,0.400873422622681,0.404038429260254
"371",0.864070427638731,0.663710382901768,-0.212266526281202,400,0.392231464385986,0.393988847732544
"372",0.0147448003729532,0.980064432216016,-0.278127085597078,1000,0.406826019287109,0.41064453125
"373",1.32191268499004,0.536087444418901,-0.13788339999324,200,0.412932634353638,0.414128541946411
"374",0.0211510645871495,1.00350754921002,-0.284977761618773,1000,0.37744402885437,0.381230592727661
"375",-0.0341804636144894,1.03153130961865,-0.311015499315041,1000,0.408931016921997,0.415694952011108
"376",0.00156705621653763,1.02364646579228,-0.281718575133525,1000,0.406351327896118,0.412030935287476
"377",0.0393373988701904,1.03129796641609,-0.336684692558722,1000,0.427902460098267,0.432179689407349
"378",-0.0217964663914761,0.991773448912673,-0.260370788823335,1000,0.407266855239868,0.41364860534668
"379",0.354689146028458,0.798869534396429,-0.223549630548179,700,0.419862985610962,0.422468423843384
"380",-0.0189518060800926,0.976053653147259,-0.238024539370604,1000,0.388633966445923,0.393946647644043
"381",-0.0304845394803006,0.977817182636947,-0.249946517567624,1000,0.405621767044067,0.409197807312012
"382",1.0678270658247,0.548416280564016,-0.10320214076271,300,0.40719199180603,0.408387184143066
"383",0.0560794316611341,1.04685850176661,-0.3303234091929,1000,0.397448301315308,0.403443574905396
"384",1.057922010751,0.564134670908367,-0.138491544737708,300,0.381306648254395,0.382490396499634
"385",0.403203565910857,0.817041058074107,-0.223861927556601,700,0.40350866317749,0.405995607376099
"386",1.57094998024409,0.364361434502062,0.0526278094388544,100,0.375696182250977,0.376416444778442
"387",0.271061569644618,0.857453232191949,-0.240139033162404,800,0.391249418258667,0.395386219024658
"388",0.26995990428091,0.810954912013263,-0.192386527025377,800,0.348706960678101,0.351377725601196
"389",0.0176474029663894,1.05378018981622,-0.310747477426664,1000,0.5430748462677,0.546811103820801
"390",1.067825383466,0.548919796124202,-0.0981957431213143,300,0.367683172225952,0.368640422821045
"391",0.238023433193188,0.798795126138549,-0.187039977273865,800,0.36333179473877,0.365784406661987
"392",0.0317841194042659,0.930494001146257,-0.256178189900834,1000,0.339782238006592,0.342647790908813
"393",1.61019922600156,0.399553676142436,-0.101456264347583,100,0.335374355316162,0.335941553115845
"394",0.0302113642242712,0.98956824279934,-0.252054512725875,1000,0.354378700256348,0.358550310134888
"395",0.00852623521134631,1.0295994754709,-0.278435851410431,1000,0.369477272033691,0.372682571411133
"396",0.23382782418668,0.92502758067042,-0.338045673076872,800,0.344027280807495,0.347226858139038
"397",-0.00833518566340257,1.05611885187942,-0.296713581688585,1000,0.352472305297852,0.355928897857666
"398",0.413754789357507,0.838104993736753,-0.251574746571689,700,0.34189510345459,0.344457387924194
"399",0.880236742593514,0.638857862712065,-0.183301865425695,400,0.386269569396973,0.387952089309692
"400",0.654681245942308,0.704028764188352,-0.172028679314085,500,0.348034143447876,0.349506378173828
"401",0.230870416121901,0.876647314854354,-0.250938568148757,800,0.342155933380127,0.344742774963379
"402",0.521509373768882,0.72865481043477,-0.204202965879024,600,0.330572366714478,0.332496881484985
"403",1.34693275247819,0.542214452683057,-0.19789208655071,200,0.360662937164307,0.361475467681885
"404",0.00134721720896198,1.0020941536881,-0.299424734433644,1000,0.342042446136475,0.345313787460327
"405",-0.0247669462527592,0.998205139113322,-0.286332845342969,1000,0.360387563705444,0.364957094192505
"406",0.0442156517549182,0.939270800749965,-0.235391117146678,1000,0.345412492752075,0.348490238189697
"407",-0.00924777619708933,0.97538778768951,-0.255714109191549,1000,0.381237983703613,0.386380672454834
"408",-0.0286627537566019,0.961837168611641,-0.25358879073269,1000,0.35958456993103,0.362506628036499
"409",0.0114945582945837,0.941211876547554,-0.25669217490308,1000,0.334481954574585,0.33770227432251
"410",-0.00571631402033877,1.04388351334794,-0.270854202384159,1000,0.348768949508667,0.352301836013794
"411",0.0190290164513645,1.00705534488627,-0.278562151753799,1000,0.369164943695068,0.374943017959595
"412",0.682845794748822,0.68082383792937,-0.195302448436937,500,0.338524103164673,0.340124845504761
"413",-0.00918030815744509,1.00855069915306,-0.268127945893946,1000,0.345720052719116,0.351209163665771
"414",0.907223887453483,0.589707399424257,-0.0876415013582445,400,0.352694272994995,0.354474544525146
"415",0.038065431853311,0.922124043798805,-0.24065357971742,1000,0.34214973449707,0.345066785812378
"416",0.0219037312570477,1.05815610185333,-0.324189503593821,1000,0.350199460983276,0.356042385101318
"417",0.701020832079621,0.686506924465156,-0.188000833396881,500,0.342818021774292,0.344401597976685
"418",0.266614705322208,0.887421878362006,-0.237801319427165,800,0.342337846755981,0.344735383987427
"419",0.00851703478866098,0.983740813054861,-0.266836664815677,1000,0.339456796646118,0.342913150787354
"420",0.0441464637201375,0.958017175413026,-0.238028810318388,1000,0.321640253067017,0.324820041656494
"421",0.68926987082861,0.664842844781161,-0.18682507131066,500,0.331978321075439,0.333714008331299
"422",0.883355348256859,0.654119573282474,-0.207215805786399,400,0.363763332366943,0.365702629089355
"423",0.514022507948297,0.75645406763365,-0.213257550280696,600,0.34564995765686,0.347659826278687
"424",0.401692757278624,0.85421091724746,-0.278306570861867,700,0.341461420059204,0.343689441680908
"425",0.515034815082618,0.743442493591284,-0.198313460561039,600,0.370728015899658,0.372595548629761
"426",0.0305868629110091,0.93860967550983,-0.24341368638967,1000,0.351366281509399,0.354312181472778
"427",0.674777043744414,0.69170856633895,-0.192516362956537,500,0.390887498855591,0.392645359039307
"428",0.021244975424447,1.03026888575766,-0.290121089893962,1000,0.348226547241211,0.351520299911499
"429",0.025225390149848,0.937310151194891,-0.258918877383313,1000,0.339891672134399,0.343353033065796
"430",0.285396477319423,0.878415244475695,-0.258006359864569,800,0.346272706985474,0.348770618438721
"431",0.545776495533395,0.792702518098416,-0.246155258215783,600,0.342539548873901,0.345022201538086
"432",1.05752464506846,0.570398755382254,-0.133887541657428,300,0.370676279067993,0.371697902679443
"433",1.61118322001127,0.410135724822413,-0.032369789428067,100,0.357782125473022,0.358399391174316
"434",-0.0189106745781578,1.00682277919862,-0.280786064231814,1000,0.329634666442871,0.335974216461182
"435",0.0530567039711666,0.891040482068243,-0.234222988625288,1000,0.342182397842407,0.344994783401489
"436",0.0227149570806612,1.04056437276564,-0.282591033498879,1000,0.355077266693115,0.361844778060913
"437",0.682955885732545,0.678029304918536,-0.162963314042096,500,0.3681321144104,0.369857311248779
"438",0.0163179971964671,0.994393367664665,-0.299904549080455,1000,0.338746547698975,0.342045545578003
"439",0.560547501128138,0.727588556835376,-0.213361431840103,600,0.392870426177979,0.394789457321167
"440",0.865869151834398,0.605141350505616,-0.169622675164262,400,0.348616123199463,0.350377321243286
"441",0.0167207572799973,1.04950498502626,-0.301152378972689,1000,0.416766881942749,0.420257091522217
"442",-0.0200213345091866,1.02197904649251,-0.249674657062028,1000,0.347820520401001,0.351765394210815
"443",0.495634242100385,0.784610470832428,-0.227256438940648,600,0.346375226974487,0.348605394363403
"444",0.841553286259791,0.641885712125905,-0.145939645395256,400,0.348370552062988,0.349651336669922
"445",1.22164242941596,0.471389487874796,-0.0981270800769101,200,0.331118106842041,0.331967353820801
"446",-0.00140794464463873,1.07274069483437,-0.331797739057764,1000,0.356648206710815,0.361694812774658
"447",0.0129338306257656,0.936585252120111,-0.233602004899383,1000,0.343890905380249,0.346959590911865
"448",1.32899653376692,0.48892910584368,-0.0723088313697862,200,0.33897852897644,0.339812994003296
"449",0.0105389034483864,1.04109826892896,-0.328703241751234,1000,0.331282138824463,0.336360931396484
"450",0.0123912434444888,0.99760405316469,-0.309164762232783,1000,0.374700784683228,0.378718137741089
"451",-0.0116374238226424,0.988071740256435,-0.240038546957802,1000,0.356397151947021,0.361892223358154
"452",0.296539962694225,0.857736502665063,-0.231423049635252,800,0.346461296081543,0.349413871765137
"453",0.0377447394409116,1.07333522225948,-0.355011819032243,1000,0.356796503067017,0.359857082366943
"454",-0.00949272184163674,0.985286418252446,-0.27845793524132,1000,0.33427882194519,0.337504625320435
"455",1.10098778004918,0.60119297247904,-0.25775606210636,300,0.340866804122925,0.342005729675293
"456",0.756884421222058,0.704497843779012,-0.228121781828346,500,0.347567319869995,0.349256753921509
"457",0.0115835526040896,1.06347891211883,-0.301886490255912,1000,0.480380773544312,0.483808994293213
"458",1.59263777308624,0.696718615097334,-0.333178817216859,100,0.34697437286377,0.347622871398926
"459",0.0354932523333538,0.928653122047991,-0.222952216164625,1000,0.338714838027954,0.34191107749939
"460",0.0100106821548638,1.00756957093341,-0.280958161547802,1000,0.348255157470703,0.35273289680481
"461",-0.0188304300649829,0.998026541653059,-0.270661725168684,1000,0.351946830749512,0.35755181312561
"462",0.0211385992484191,0.974984827523271,-0.219887732565604,1000,0.360757112503052,0.365522861480713
"463",1.23196062048032,0.478338900865143,-0.0632171388342264,200,0.390360832214355,0.391198873519897
"464",0.0133167820684105,1.03017310520464,-0.324021355378377,1000,0.346563339233398,0.349937438964844
"465",0.229853934521034,0.943756958129028,-0.26119665263084,800,0.359811544418335,0.36229944229126
"466",1.20542945920365,0.657789346920636,-0.34607315304194,200,0.333123445510864,0.333972930908203
"467",-0.0318752616684625,0.991880332785485,-0.266899351623502,1000,0.337872982025146,0.343173503875732
"468",-0.0295025427558359,1.01750263616299,-0.25796054786953,1000,0.384039402008057,0.387938737869263
"469",0.524474655102684,0.787374446896866,-0.213096180169489,600,0.358020067214966,0.359931230545044
"470",-0.00986480690906738,1.06039718443152,-0.326742227952552,1000,0.341780424118042,0.34675407409668
"471",0.293014020481738,0.873843241553534,-0.252777323275264,800,0.358532905578613,0.361064434051514
"472",0.00838868911845212,0.986210079644405,-0.272667840287354,1000,0.350913524627686,0.354156255722046
"473",-0.022699550628496,1.02781606152143,-0.275347167808308,1000,0.390395164489746,0.395194530487061
"474",-0.0135385839049882,0.968195945099535,-0.258815447407945,1000,0.350524187088013,0.35370397567749
"475",0.84382148841042,0.603849810484175,-0.137566623606107,400,0.353663921356201,0.357837677001953
"476",0.0271072336630112,0.934520687238633,-0.22587743282913,1000,0.350926637649536,0.354410409927368
"477",-0.0169069861266998,0.996381670426593,-0.252374192051929,1000,0.356872797012329,0.362838983535767
"478",0.00302871751834269,0.964360626769114,-0.21844326928873,1000,0.354238986968994,0.359412670135498
"479",0.0562199289802057,0.962779427403326,-0.282417923294729,1000,0.330134153366089,0.33297872543335
"480",1.6255901203553,0.680583312411083,-0.441648075843673,100,0.345227718353271,0.345905065536499
"481",0.24322499244487,0.926216604998336,-0.278423237221909,800,0.342529773712158,0.34496545791626
"482",1.67998488283616,0.369609375,-4.39475863721206e-18,100,0.352958202362061,0.355332136154175
"483",0.408006993396156,0.744713376177766,-0.164915221957522,700,0.339921474456787,0.342209577560425
"484",-0.00753517554676296,0.98236945780861,-0.219024553379994,1000,0.352836608886719,0.356722116470337
"485",1.26989193493304,0.728633729936555,-0.29694706731476,200,0.354602336883545,0.355532884597778
"486",-0.00505131948297265,0.998515392771572,-0.262995425659563,1000,0.335580587387085,0.338574171066284
"487",0.0227695749145192,1.006133679601,-0.291490208883463,1000,0.340074777603149,0.343318223953247
"488",0.713923488226991,0.68649757975958,-0.176071903174548,500,0.335876226425171,0.337532758712769
"489",-0.00958684606143157,0.926264287418168,-0.211542528657467,1000,0.340192794799805,0.343252420425415
"490",1.685770476217,0.401699383451688,-0.0156787054944836,100,0.354412317276001,0.354994297027588
"491",-0.000814931055640444,1.00221556385955,-0.294956983346238,1000,0.342888355255127,0.346198797225952
"492",0.0305338633139773,1.01368632705689,-0.293088764460066,1000,0.368458986282349,0.37161111831665
"493",1.69624427484888,0.382602042844519,0.104235570626333,100,0.340593099594116,0.341094493865967
"494",0.0136312807468907,1.04917070172083,-0.305064450282287,1000,0.354723930358887,0.360101222991943
"495",0.66004921118587,0.738733389895325,-0.170452895547579,500,0.344948530197144,0.346683025360107
"496",0.0197020594914578,0.974541586633252,-0.277867094779314,1000,0.332721471786499,0.335777282714844
"497",0.0175110044273005,1.01649612690017,-0.278858632000518,1000,0.355340480804443,0.360552310943604
"498",-0.0024543032445651,1.0030118336855,-0.288711929582964,1000,0.333601236343384,0.338091135025024
"499",0.0361121017576524,0.960818040052145,-0.282564910196356,1000,0.344528675079346,0.347670078277588
"500",0.839019798738341,0.574726204863963,-0.178847113872875,400,0.357601404190063,0.358880043029785
